{
  "hash": "f990f0ca",
  "configHash": "a8102135",
  "lockfileHash": "2d9b74b7",
  "browserHash": "3dcd66b8",
  "optimized": {
    "@angular/common": {
      "src": "../../../../../../node_modules/@angular/common/fesm2022/common.mjs",
      "file": "@angular_common.js",
      "fileHash": "c0b82f2b",
      "needsInterop": false
    },
    "@angular/common/http": {
      "src": "../../../../../../node_modules/@angular/common/fesm2022/http.mjs",
      "file": "@angular_common_http.js",
      "fileHash": "ae803586",
      "needsInterop": false
    },
    "@angular/core": {
      "src": "../../../../../../node_modules/@angular/core/fesm2022/core.mjs",
      "file": "@angular_core.js",
      "fileHash": "fb8c5de8",
      "needsInterop": false
    },
    "@angular/forms": {
      "src": "../../../../../../node_modules/@angular/forms/fesm2022/forms.mjs",
      "file": "@angular_forms.js",
      "fileHash": "500dfefd",
      "needsInterop": false
    },
    "@angular/platform-browser": {
      "src": "../../../../../../node_modules/@angular/platform-browser/fesm2022/platform-browser.mjs",
      "file": "@angular_platform-browser.js",
      "fileHash": "5a0c9ca5",
      "needsInterop": false
    },
    "@angular/router": {
      "src": "../../../../../../node_modules/@angular/router/fesm2022/router.mjs",
      "file": "@angular_router.js",
      "fileHash": "10c6d01e",
      "needsInterop": false
    },
    "zone.js": {
      "src": "../../../../../../node_modules/zone.js/fesm2015/zone.js",
      "file": "zone__js.js",
      "fileHash": "fa6fa3eb",
      "needsInterop": true
    },
    "rxjs/operators": {
      "src": "../../../../../../node_modules/rxjs/dist/esm5/operators/index.js",
      "file": "rxjs_operators.js",
      "fileHash": "e93b06db",
      "needsInterop": false
    },
    "tslib": {
      "src": "../../../../../../node_modules/tslib/tslib.es6.mjs",
      "file": "tslib.js",
      "fileHash": "e4fa2510",
      "needsInterop": false
    }
  },
  "chunks": {
    "chunk-A3LFGO33": {
      "file": "chunk-A3LFGO33.js"
    },
    "chunk-3QMQ7ELG": {
      "file": "chunk-3QMQ7ELG.js"
    },
    "chunk-5T64FNZW": {
      "file": "chunk-5T64FNZW.js"
    },
    "chunk-APPCZKFW": {
      "file": "chunk-APPCZKFW.js"
    },
    "chunk-FCSHKFHX": {
      "file": "chunk-FCSHKFHX.js"
    },
    "chunk-2TOAEDY2": {
      "file": "chunk-2TOAEDY2.js"
    },
    "chunk-HSWANC32": {
      "file": "chunk-HSWANC32.js"
    },
    "chunk-WDMUDEB6": {
      "file": "chunk-WDMUDEB6.js"
    }
  }
}